Date,Entropy,Skewness,Adj Close
2019-07-25,0.32267001547193885,-0.09090909090909083,3003.669921875
2019-07-26,0.3509617371274478,0.0,3025.860107421875
2019-07-29,0.379253458782955,0.11111111111111116,3020.969970703125
2019-07-30,0.3503723262596239,0.0,3013.179931640625
2019-07-31,0.3893425814613467,0.0,2980.3798828125
2019-08-01,0.3893425814613485,0.40000000000000013,2953.56005859375
2019-08-02,0.3893425814613467,0.11111111111111116,2932.050048828125
2019-08-05,0.3893425814613476,1.0,2844.739990234375
2019-08-06,0.3893425814613467,-0.7714285714285714,2881.77001953125
2019-08-07,0.3893425814613485,-0.20000000000000007,2883.97998046875
2019-08-08,0.3893425814613476,-0.09090909090909083,2938.090087890625
2019-08-09,0.3893425814613476,0.36363636363636376,2918.64990234375
2019-08-12,0.3893425814613476,-0.2727272727272727,2882.699951171875
2019-08-13,0.3527760616811837,-0.09090909090909083,2926.320068359375
2019-08-14,0.38106778333669045,-0.09090909090909083,2840.60009765625
2019-08-15,0.3810677833366909,0.11111111111111116,2847.60009765625
2019-08-16,0.3570778190165309,0.7777777777777779,2888.679931640625
2019-08-19,0.3346571600641215,-0.7058823529411764,2923.64990234375
2019-08-20,0.3570778190165309,-0.45000000000000007,2900.510009765625
2019-08-21,0.3471021169407864,0.11111111111111116,2924.429931640625
2019-08-22,0.2934064197986208,-0.09090909090909083,2922.949951171875
2019-08-23,0.2651146981431136,1.1999999999999997,2847.110107421875
2019-08-26,0.2651146981431136,-0.5,2878.3798828125
2019-08-27,0.21440231753519523,-0.4666666666666668,2869.159912109375
2019-08-28,0.16368993692727685,-0.33333333333333337,2887.93994140625
2019-08-29,0.16368993692727685,-0.4666666666666668,2924.580078125
2019-08-30,0.19760100974260464,-0.2857142857142857,2926.4599609375
2019-09-03,0.18692247619638902,-0.5,2906.27001953125
2019-09-04,0.18692247619638902,-0.5,2937.780029296875
2019-09-06,0.18692247619638858,0.5,2978.7099609375
2019-09-09,0.18692247619638902,-0.20000000000000007,2978.429931640625
2019-09-10,0.18692247619638858,-0.33333333333333326,2979.389892578125
2019-09-11,0.2152141978518971,0.0,3000.929931640625
2019-09-12,0.21521419785189666,0.25,3009.570068359375
2019-09-13,0.21521419785189666,-0.16666666666666663,3007.389892578125
2019-09-16,0.21521419785189666,-0.20000000000000007,2997.9599609375
2019-09-17,0.18692247619638946,0.5,3005.699951171875
2019-09-18,0.1479522209946662,0.0,3006.72998046875
2019-09-19,0.1875118870642125,0.0,3006.7900390625
2019-09-20,0.2051250751735041,0.0,2992.070068359375
2019-09-23,0.20512507517350453,-0.5,2991.780029296875
2019-09-24,0.24409533037522868,-0.5,2966.60009765625
2019-09-25,0.29000024014002834,-0.4736842105263158,2984.8701171875
2019-09-26,0.3121805794063084,-0.5,2977.6201171875
2019-09-27,0.32756920415722623,-0.5,2961.7900390625
2019-09-30,0.32756920415722623,-0.4,2976.739990234375
2019-10-01,0.2992774825017186,-0.5,2940.25
2019-10-02,0.3288316094961692,-0.4444444444444444,2887.610107421875
2019-10-03,0.3328087348234199,-0.4444444444444444,2910.6298828125
2019-10-04,0.29771558140811294,-0.5,2952.010009765625
2019-10-07,0.29391554015613686,-0.4444444444444444,2938.7900390625
2019-10-08,0.29671803576834543,-0.4,2893.06005859375
2019-10-09,0.29671803576834677,-0.6000000000000001,2919.39990234375
2019-10-10,0.25774778056662306,-0.6000000000000001,2938.1298828125
2019-10-11,0.25774778056662306,-0.5,2970.27001953125
2019-10-14,0.25774778056662306,-0.6000000000000001,2966.14990234375
2019-10-15,0.2577477805666226,-0.375,2995.679931640625
2019-10-16,0.2943143003467883,-0.4666666666666668,2989.68994140625
2019-10-17,0.2943143003467874,-0.14285714285714302,2997.949951171875
2019-10-18,0.3226060220022964,-0.375,2986.199951171875
2019-10-21,0.3226060220022955,-0.2857142857142857,3006.719970703125
2019-10-22,0.3226060220022955,-0.375,2995.989990234375
2019-10-23,0.3508977436578036,-0.33333333333333326,3004.52001953125
2019-10-24,0.39920638884416215,-0.5,3010.2900390625
2019-10-25,0.39861697797634,-0.20000000000000018,3022.550048828125
2019-10-28,0.4087061006547317,-0.375,3039.419921875
2019-10-29,0.41879522333312424,-0.33333333333333337,3036.889892578125
2019-10-30,0.44409379869925036,-0.375,3046.77001953125
2019-10-31,0.4631596144213006,-0.4285714285714286,3037.56005859375
2019-11-01,0.47084500167813426,-0.25,3066.909912109375
2019-11-04,0.4962658908505748,-0.375,3078.27001953125
2019-11-05,0.5162828143814271,-0.20000000000000018,3074.6201171875
2019-11-06,0.48090092216522606,-0.33333333333333337,3076.780029296875
2019-11-07,0.4895328319536909,-0.2857142857142857,3085.179931640625
2019-11-08,0.460997419237021,-0.14285714285714302,3093.080078125
2019-11-11,0.4895426617088261,-0.33333333333333337,3087.010009765625
2019-11-12,0.5119633206612364,-0.20000000000000018,3091.840087890625
2019-11-13,0.4642281736681153,-0.33333333333333337,3094.0400390625
2019-11-14,0.46363876280029226,0.0,3096.6298828125
2019-11-15,0.46363876280029226,0.11111111111111116,3120.4599609375
2019-11-18,0.4322071022844609,0.0,3122.030029296875
2019-11-19,0.4428856358306761,0.0,3120.179931640625
2019-11-20,0.4428856358306761,-0.33333333333333337,3108.4599609375
2019-11-21,0.47117735748618506,0.0,3103.5400390625
2019-11-22,0.5170822672509838,0.0,3110.2900390625
2019-11-25,0.5164928563831617,-0.33333333333333337,3133.639892578125
2019-11-26,0.5815137135259598,-0.33333333333333337,3140.52001953125
2019-11-27,0.52950473015667,-0.375,3153.6298828125
2019-11-29,0.4855087087757295,-0.40000000000000013,3140.97998046875
2019-12-02,0.4855087087757295,0.4285714285714286,3113.8701171875
2019-12-03,0.47886104887227665,-0.20833333333333326,3093.199951171875
2019-12-04,0.4701279774750695,1.1428571428571428,3112.760009765625
2019-12-05,0.4579431242933625,-0.2857142857142857,3117.429931640625
2019-12-06,0.4548308501345524,1.0,3145.909912109375
2019-12-09,0.43902900397370415,0.9230769230769229,3135.9599609375
2019-12-10,0.4301213779994857,0.1875,3132.52001953125
2019-12-11,0.4281945693945701,0.33333333333333326,3141.6298828125
2019-12-12,0.4003699448005711,-0.6153846153846154,3168.570068359375
2019-12-13,0.435122140027,-0.3478260869565216,3168.800048828125
2019-12-16,0.4068304183714919,-0.06666666666666654,3191.449951171875
2019-12-17,0.4068304183714915,-0.5,3192.52001953125
2019-12-18,0.4068304183714919,-0.33333333333333337,3191.139892578125
2019-12-19,0.4068304183714919,0.1428571428571428,3205.3701171875
2019-12-20,0.4068304183714919,-0.33333333333333326,3221.219970703125
2019-12-23,0.43512214002699956,0.19999999999999973,3224.010009765625
2019-12-24,0.4068304183714919,-0.23076923076923073,3223.3798828125
2019-12-26,0.3945910810878379,0.4285714285714286,3239.909912109375
2019-12-27,0.39518049195566096,0.19999999999999973,3240.02001953125
2019-12-30,0.3864004614714296,0.15384615384615397,3221.2900390625
2019-12-31,0.4020554322786647,-0.19999999999999996,3230.780029296875
2020-01-02,0.3751490076520705,0.19999999999999973,3257.85009765625
2020-01-03,0.3189778644903911,-0.09090909090909083,3234.85009765625
2020-01-06,0.318977864490392,-0.6000000000000001,3246.280029296875
2020-01-07,0.3189778644903911,-0.55,3237.179931640625
2020-01-08,0.29416329987155754,-0.2499999999999999,3253.050048828125
2020-01-09,0.2879084458936485,0.875,3274.699951171875
2020-01-10,0.2726777715936324,0.3333333333333335,3265.35009765625
2020-01-13,0.2361112518134676,0.4285714285714286,3288.1298828125
2020-01-14,0.2365783488749762,0.0,3283.14990234375
2020-01-15,0.20241556451637077,0.25,3289.2900390625
2020-01-16,0.20288266157787938,2.220446049250313e-16,3316.81005859375
2020-01-17,0.16391240637615612,-0.25,3329.6201171875
2020-01-21,0.16391240637615612,-0.14285714285714302,3320.7900390625
2020-01-22,0.1703728799470765,0.19999999999999996,3321.75
2020-01-23,0.1580413436730579,-0.14285714285714302,3325.5400390625
2020-01-24,0.18633306532856642,-0.2857142857142857,3295.469970703125
2020-01-27,0.19460786345322223,-0.33333333333333326,3243.6298828125
2020-01-28,0.19460786345322267,0.0,3276.239990234375
2020-01-29,0.25359504218579687,-0.2857142857142857,3273.39990234375
2020-01-30,0.2722948530403717,-0.4375,3283.659912109375
2020-01-31,0.27288426390819476,0.02499999999999991,3225.52001953125
2020-02-03,0.2646094657835385,0.0,3248.919921875
2020-02-04,0.23631774412803042,-0.4,3297.590087890625
2020-02-05,0.20802602247252233,-0.5454545454545454,3334.68994140625
2020-02-06,0.18560536352011203,-0.4,3345.780029296875
2020-02-07,0.1792370889395558,0.30000000000000004,3327.7099609375
2020-02-10,0.10850778480078604,-0.16666666666666652,3352.090087890625
2020-02-11,0.10850778480078604,-0.13636363636363635,3357.75
2020-02-12,0.13679950645629413,-0.29999999999999993,3379.449951171875
2020-02-13,0.1650912281118022,-0.5,3373.93994140625
2020-02-14,0.1650912281118022,-0.5,3380.159912109375
2020-02-18,0.1933829497673103,-0.20000000000000007,3370.2900390625
2020-02-19,0.2440953303752278,-0.11111111111111105,3386.14990234375
2020-02-20,0.266515989327639,-0.09090909090909083,3373.22998046875
2020-02-21,0.2889366482800493,-0.12903225806451601,3337.75
2020-02-24,0.2889366482800493,0.8181818181818183,3225.889892578125
2020-02-25,0.28893664828004884,1.1153846153846154,3128.2099609375
2020-02-26,0.2889366482800493,0.0714285714285714,3116.389892578125
2020-02-27,0.28893664828004884,0.5161290322580647,2978.760009765625
2020-02-28,0.2889366482800493,0.0185185185185186,2954.219970703125
2020-03-02,0.2889366482800493,-0.08333333333333326,3090.22998046875
2020-03-03,0.26064492662454164,-0.4897959183673469,3003.3701171875
2020-03-04,0.28306558557695105,-0.30000000000000004,3130.1201171875
2020-03-05,0.28306558557695194,-0.22857142857142843,3023.93994140625
2020-03-06,0.26064492662454164,7.4,2972.3701171875
2020-03-09,0.26064492662454164,1.6,2746.56005859375
2020-03-10,0.26064492662454164,-0.4,2882.22998046875
2020-03-11,0.26064492662454164,0.7250000000000001,2741.3798828125
2020-03-12,0.2382242676721309,-0.3125,2480.639892578125
2020-03-13,0.2612343374923647,-0.5555555555555556,2711.02001953125
2020-03-16,0.2329426158368566,-0.6521739130434783,2386.1298828125
2020-03-17,0.2329426158368566,-0.9314285714285714,2529.18994140625
2020-03-18,0.2329426158368566,-0.8054054054054054,2398.10009765625
2020-03-19,0.18223023522893822,-0.625,2409.389892578125
2020-03-20,0.18223023522893822,0.049180327868852514,2304.919921875
2020-03-23,0.18223023522893822,-0.5416666666666666,2237.39990234375
2020-03-24,0.2105219568844463,-0.5,2447.330078125
2020-03-25,0.2105219568844463,-0.8285714285714285,2475.56005859375
2020-03-26,0.2105219568844463,-0.5,2630.070068359375
2020-03-27,0.23881367853995394,-0.5999999999999999,2541.469970703125
2020-03-30,0.2329426158368566,-0.6499999999999999,2626.64990234375
2020-03-31,0.2105219568844463,-0.20000000000000007,2584.590087890625
2020-04-01,0.2105219568844463,-0.3999999999999999,2470.5
2020-04-02,0.2105219568844463,-0.75,2526.89990234375
2020-04-03,0.18223023522893822,-0.9937190082644628,2488.64990234375
2020-04-06,0.18223023522893822,-0.4999999999999999,2663.679931640625
2020-04-07,0.2022471587597896,-0.6666666666666666,2659.409912109375
2020-04-08,0.2022471587597896,-0.2727272727272727,2749.97998046875
2020-04-09,0.1798264998073793,-0.78,2789.820068359375
2020-04-13,0.2081182214628874,-0.5454545454545454,2761.6298828125
2020-04-14,0.23640994311839547,-0.84,2846.06005859375
2020-04-15,0.2464990657967876,-0.5454545454545454,2783.360107421875
2020-04-16,0.2854693209985104,-0.4666666666666667,2799.550048828125
2020-04-17,0.3244395762002332,-0.6590909090909091,2874.56005859375
2020-04-20,0.3244395762002332,-0.75,2823.159912109375
2020-04-21,0.3244395762002332,-0.7727272727272727,2736.56005859375
2020-04-22,0.29961518182626445,-0.475,2799.31005859375
2020-04-23,0.3337779661848703,-0.6764705882352942,2797.800048828125
2020-04-24,0.30548624452936224,-0.43999999999999995,2836.739990234375
2020-04-27,0.2948077109831466,-0.17647058823529393,2878.47998046875
2020-04-28,0.26651598932763854,-0.7142857142857142,2863.389892578125
2020-04-29,0.3172283699355569,-0.75,2939.510009765625
2020-04-30,0.29662203553688293,-0.7297297297297297,2912.429931640625
2020-05-01,0.3243243463245671,-0.5,2830.7099609375
2020-05-04,0.3767029307904548,-0.6129032258064516,2842.739990234375
2020-05-05,0.3822381034420266,-0.6799999999999999,2868.43994140625
2020-05-06,0.4046587623944373,-0.4,2848.419921875
2020-05-07,0.4046587623944373,-0.5833333333333333,2881.18994140625
2020-05-08,0.42707942134684806,-0.5384615384615385,2929.800048828125
2020-05-11,0.4553711430023557,-0.33333333333333337,2930.18994140625
2020-05-12,0.4553711430023557,-0.6666666666666666,2870.1201171875
2020-05-13,0.4270794213468476,-0.5652173913043479,2820.0
2020-05-14,0.4636459411270124,-0.5384615384615385,2852.5
2020-05-15,0.4630565302591889,-0.375,2863.699951171875
2020-05-18,0.491348251914697,-0.5,2953.909912109375
2020-05-19,0.5265976590185839,-0.5,2922.93994140625
2020-05-20,0.5490183179709947,-0.2857142857142857,2971.610107421875
2020-05-21,0.5484289071031716,-0.6428571428571428,2948.510009765625
2020-05-22,0.5484289071031716,0.0,2955.449951171875
2020-05-26,0.4797444174491319,-0.5454545454545454,2991.77001953125
2020-05-27,0.5146349036161926,-0.5454545454545454,3036.1298828125
2020-05-28,0.5801721329040337,-0.5,3029.72998046875
2020-05-29,0.5801721329040337,-0.0625,3044.31005859375
2020-06-01,0.6031822027242679,-0.5,3055.72998046875
2020-06-02,0.6611881588320911,-0.6666666666666666,3080.820068359375
2020-06-03,0.5992706854480527,-0.7222222222222222,3122.8701171875
2020-06-04,0.6281518179713834,-0.2666666666666666,3112.35009765625
2020-06-05,0.5774394373634655,-0.5,3193.929931640625
2020-06-08,0.5600398254993841,-0.75,3232.389892578125
2020-06-09,0.5576360900778261,-0.5714285714285714,3207.179931640625
2020-06-10,0.5942026098579896,-0.31707317073170727,3190.139892578125
2020-06-11,0.5942026098579896,-0.29999999999999993,3002.10009765625
2020-06-12,0.6224943315134976,-0.8148148148148149,3041.31005859375
2020-06-15,0.6224943315134985,-0.7391304347826086,3066.590087890625
2020-06-16,0.659060851293662,-0.4,3124.739990234375
2020-06-17,0.6336568758070054,-0.4736842105263158,3113.489990234375
2020-06-19,0.6053651541514973,-0.35,3097.739990234375
2020-06-22,0.6053651541514982,-0.8,3117.860107421875
2020-06-23,0.5936230287453017,-0.6000000000000001,3131.2900390625
2020-06-24,0.6136399522761535,-0.75,3050.330078125
2020-06-25,0.6277858131039076,-0.5,3083.760009765625
2020-06-26,0.6373777239048417,-0.5454545454545454,3009.050048828125
2020-06-29,0.6380885120275104,-0.33333333333333326,3053.239990234375
2020-06-30,0.6136399522761535,-0.7142857142857142,3100.2900390625
2020-07-01,0.6342462866748284,-0.2666666666666666,3115.860107421875
2020-07-02,0.5976797668946641,-0.5714285714285715,3130.010009765625
2020-07-06,0.5925509010113799,-0.4736842105263158,3179.719970703125
2020-07-07,0.5677265066374111,-0.7560975609756098,3145.320068359375
2020-07-08,0.5901471655898214,-0.3571428571428572,3169.93994140625
2020-07-09,0.6267136853699857,-0.6666666666666666,3152.050048828125
2020-07-10,0.6208426226668879,-0.6666666666666666,3185.0400390625
2020-07-13,0.6408595461977398,-0.782608695652174,3155.219970703125
2020-07-14,0.6408595461977398,-0.5,3197.52001953125
2020-07-15,0.700436135798137,-0.7297297297297297,3226.56005859375
2020-07-16,0.6939756622272162,-0.625,3215.570068359375
2020-07-17,0.7057177876334122,-0.6666666666666666,3224.72998046875
2020-07-20,0.7281384465858225,-0.5454545454545454,3251.840087890625
2020-07-21,0.7455211447641208,-0.5454545454545454,3257.300048828125
2020-07-22,0.7827173773129181,-0.5,3276.02001953125
2020-07-23,0.7402101113327677,-0.5,3235.659912109375
2020-07-24,0.7260642505050146,0.0,3215.6298828125
2020-07-27,0.6930499697345107,-0.55,3239.409912109375
2020-07-28,0.6967478211906757,-0.5,3218.43994140625
2020-07-29,0.6849054763120019,-0.5,3258.43994140625
2020-07-30,0.6616613563834375,-0.5,3246.219970703125
2020-07-31,0.6486486835952685,-0.5,3271.1201171875
2020-08-03,0.6769404052507775,-0.4,3294.610107421875
2020-08-04,0.7052321269062856,-0.4736842105263158,3306.510009765625
2020-08-05,0.741435052559519,-0.5,3327.77001953125
2020-08-06,0.7723617540724717,-0.5,3349.159912109375
2020-08-07,0.7511447843371397,-0.6153846153846154,3351.280029296875
2020-08-10,0.7941717776882253,-0.5,3360.469970703125
2020-08-11,0.7658800560327172,-0.8823529411764706,3333.68994140625
2020-08-12,0.7234424735494556,-0.9342105263157895,3380.35009765625
2020-08-13,0.6668590302384394,-0.5,3373.429931640625
2020-08-14,0.6668590302384394,-0.6363636363636364,3372.85009765625
2020-08-17,0.7034255500186033,-0.6190476190476191,3381.989990234375
2020-08-18,0.711446827326963,-0.5,3389.780029296875
2020-08-19,0.7070972058685112,-0.5,3374.85009765625
2020-08-20,0.6854971738668416,-0.5238095238095238,3385.510009765625
2020-08-21,0.6973868859718149,-0.5238095238095238,3397.159912109375
2020-08-24,0.69275523196599,-0.6,3431.280029296875
2020-08-25,0.69275523196599,0.0,3443.6201171875
2020-08-26,0.6644635103104819,-0.7058823529411764,3478.72998046875
2020-08-27,0.671421195758862,-0.6785714285714286,3484.550048828125
2020-08-28,0.6425400632355305,-0.7619047619047619,3508.010009765625
2020-08-31,0.6425400632355309,-0.75,3500.31005859375
2020-09-01,0.6708317848910386,-0.8,3526.64990234375
2020-09-02,0.670831784891039,-0.8717948717948718,3580.840087890625
2020-09-03,0.6425400632355305,-0.6153846153846154,3455.06005859375
2020-09-04,0.5982927160538023,-0.6,3426.9599609375
2020-09-08,0.5982927160538019,-0.75,3331.840087890625
2020-09-09,0.6089712496000175,-0.75,3398.9599609375
2020-09-10,0.6548761593648176,-0.7096774193548387,3339.18994140625
2020-09-11,0.6644616656203111,-0.75,3340.969970703125
2020-09-14,0.6309849345433172,-0.6,3383.5400390625
2020-09-15,0.6309849345433176,-0.75,3401.199951171875
2020-09-16,0.6496702503865319,-0.8,3385.489990234375
2020-09-17,0.653774017037628,-0.8333333333333333,3357.010009765625
2020-09-18,0.6179281151352689,-0.75,3319.469970703125
2020-09-21,0.6364738119130289,-0.84,3281.06005859375
2020-09-22,0.6358844010452058,-0.7142857142857143,3315.570068359375
2020-09-23,0.6444660991986675,-0.8275862068965517,3236.919921875
2020-09-24,0.5943090287716077,-0.8461538461538461,3246.590087890625
2020-09-25,0.6168520015303316,-0.6875,3298.4599609375
2020-09-28,0.6219256789280863,-0.8,3351.60009765625
2020-09-29,0.6214672086490367,-0.75,3335.469970703125
2020-09-30,0.6380232356677107,-0.736842105263158,3363.0
2020-10-01,0.5810891509997043,-0.7222222222222222,3380.800048828125
2020-10-02,0.6099616534104952,-0.8591549295774648,3348.419921875
2020-10-05,0.6063076105094267,-0.8571428571428571,3408.60009765625
2020-10-06,0.6620335588715798,-0.8765432098765432,3360.969970703125
2020-10-07,0.6626435331773584,-0.8591549295774648,3419.43994140625
2020-10-08,0.6809676074828683,-0.8780487804878049,3446.830078125
2020-10-09,0.6294806848065249,-0.8275862068965517,3477.139892578125
2020-10-12,0.6633069669498797,-0.7755102040816326,3534.219970703125
2020-10-13,0.6758399786961435,-0.7916666666666666,3511.929931640625
2020-10-14,0.6595629207612896,-0.8214285714285714,3488.669921875
2020-10-15,0.6354892590810759,-0.6551724137931034,3483.340087890625
2020-10-16,0.6606881256727628,-0.736842105263158,3483.81005859375
2020-10-19,0.645644276178881,-0.8076923076923077,3426.919921875
2020-10-20,0.6456442761788805,-0.1428571428571428,3443.1201171875
2020-10-21,0.6184161463833524,-0.6666666666666666,3435.56005859375
2020-10-22,0.6573864015850757,-0.6,3453.489990234375
2020-10-23,0.628505269061745,-0.5,3465.389892578125
2020-10-26,0.6184161463833524,-0.8275862068965517,3400.969970703125
2020-10-27,0.6452039620741972,-0.7419354838709677,3390.679931640625
2020-10-28,0.6575976974261941,-0.8,3271.030029296875
2020-10-29,0.6419505265107075,-0.7222222222222222,3310.110107421875
2020-10-30,0.6417690216110397,-0.8360655737704918,3269.9599609375
2020-11-02,0.6417690216110397,-0.5,3310.239990234375
2020-11-03,0.6417690216110397,-0.5,3369.159912109375
2020-11-04,0.6417690216110397,-0.75,3443.43994140625
2020-11-05,0.6399005676036267,-0.5,3510.449951171875
2020-11-06,0.6526385589004313,-0.7560975609756098,3509.43994140625
2020-11-09,0.715702081457974,-0.7435897435897436,3550.5
2020-11-10,0.6847940970238597,-0.6428571428571428,3545.530029296875
2020-11-11,0.6857334071426133,-0.5769230769230769,3572.659912109375
2020-11-12,0.6709981354470367,-0.7435897435897436,3537.010009765625
2020-11-13,0.7093548926261035,-0.6666666666666666,3585.14990234375
2020-11-16,0.7118064567538438,-0.7142857142857142,3626.909912109375
2020-11-17,0.7556587123513845,-0.6666666666666666,3609.530029296875
2020-11-18,0.7251749659383293,-0.6666666666666666,3567.7900390625
2020-11-19,0.6845297254903073,-0.6666666666666666,3581.8701171875
2020-11-20,0.6645128019594551,-0.5,3557.5400390625
2020-11-23,0.6485526165779651,-0.6666666666666666,3577.590087890625
2020-11-24,0.6561436276909922,-0.6,3635.409912109375
2020-11-25,0.6408298506655568,-0.6470588235294117,3629.64990234375
2020-11-30,0.723641348878254,-0.6551724137931034,3621.6298828125
2020-12-01,0.7086419881555335,-0.5,3662.449951171875
2020-12-02,0.7259825941042042,-0.5,3669.010009765625
2020-12-03,0.7123531249760902,-0.4285714285714285,3666.719970703125
2020-12-04,0.675101396575315,-0.6875,3699.1201171875
2020-12-07,0.6527901065931561,-0.41666666666666663,3691.9599609375
2020-12-08,0.6572994467926669,-0.736842105263158,3702.25
2020-12-09,0.6821262768623555,-0.56,3672.820068359375
2020-12-10,0.6348812235359755,-0.2666666666666666,3668.10009765625
2020-12-11,0.5943356695854543,-0.6875,3663.4599609375
2020-12-14,0.6427352198809837,-0.55,3647.489990234375
2020-12-15,0.638023559548226,-0.33333333333333326,3694.6201171875
2020-12-16,0.6307640847352869,-0.33333333333333326,3701.169921875
2020-12-17,0.6170853209690419,-0.6666666666666666,3722.47998046875
2020-12-18,0.61755241803055,-0.17999999999999994,3709.409912109375
2020-12-21,0.6470668210078458,-0.7096774193548387,3694.919921875
2020-12-22,0.7176072309976251,-0.6666666666666666,3687.260009765625
2020-12-23,0.664269075636418,-0.6666666666666666,3690.010009765625
2020-12-28,0.6352155514854898,-0.5,3735.360107421875
2020-12-29,0.6570467995700775,-0.31034482758620696,3727.0400390625
2020-12-30,0.6395863974127756,-0.33333333333333326,3732.0400390625
2020-12-31,0.6024304667647882,-0.7222222222222222,3756.070068359375
2021-01-04,0.6710010546679848,-0.6774193548387096,3700.64990234375
2021-01-05,0.6453452638401078,-0.7058823529411764,3726.860107421875
2021-01-06,0.6545210919522821,-0.84,3748.139892578125
2021-01-07,0.642189555678264,-0.7222222222222222,3803.7900390625
2021-01-08,0.7144100010722845,-0.6666666666666666,3824.679931640625
2021-01-11,0.726985228407464,-0.6,3799.610107421875
2021-01-12,0.713844861136292,-0.5454545454545454,3801.18994140625
2021-01-13,0.6759467336684915,-0.52,3809.840087890625
2021-01-14,0.6693550530875871,-0.5,3795.5400390625
2021-01-15,0.6693550530875871,-0.6000000000000001,3768.25
2021-01-19,0.6658877258060487,-0.5,3798.909912109375
2021-01-20,0.6295818107728293,-0.5,3851.85009765625
2021-01-21,0.6257021295072893,-0.5,3853.070068359375
2021-01-22,0.6438934023886369,-0.5,3841.469970703125
2021-01-25,0.672185124044145,-0.6666666666666666,3855.360107421875
2021-01-26,0.703355991877888,-0.6551724137931034,3849.6201171875
2021-01-27,0.6609761350774241,-0.5,3750.77001953125
2021-01-28,0.6609761350774241,-0.8333333333333333,3787.3798828125
2021-01-29,0.6890873553551367,-0.7142857142857142,3714.239990234375
2021-02-01,0.7084412638631155,-0.7,3773.860107421875
2021-02-02,0.7052882646481087,-0.5454545454545454,3826.31005859375
2021-02-03,0.7301788231071091,-0.5454545454545454,3830.169921875
2021-02-04,0.7003770184479277,-0.4545454545454546,3871.739990234375
2021-02-05,0.6503153859106274,-0.5,3886.830078125
2021-02-08,0.6835453595658096,-0.6,3915.590087890625
2021-02-09,0.6663529732361648,-0.6666666666666666,3911.22998046875
2021-02-10,0.6835453595658101,-0.6,3909.8798828125
2021-02-11,0.683003045252061,-0.6666666666666666,3916.3798828125
2021-02-12,0.7044426168589748,-0.6129032258064516,3934.830078125
2021-02-16,0.6675046208446487,-0.6428571428571428,3932.590087890625
2021-02-17,0.6572060892780964,-0.6153846153846154,3931.330078125
2021-02-18,0.6422994402593334,-0.6666666666666666,3913.969970703125
2021-02-19,0.6544439035840943,-0.5,3906.7099609375
2021-02-22,0.6827356252396024,-0.6875,3876.5
2021-02-23,0.6846921675344824,-0.6875,3881.3701171875
2021-02-24,0.6943040651370076,-0.6666666666666666,3925.429931640625
2021-02-25,0.6937146542691841,-0.8484848484848485,3829.340087890625
2021-03-01,0.6575324364618731,-0.6153846153846154,3901.820068359375
2021-03-02,0.7168710723057274,-0.6875,3870.2900390625
2021-03-03,0.7278230448000675,-0.6,3819.719970703125
2021-03-04,0.6949190443875599,-0.6,3768.469970703125
2021-03-05,0.6949190443875604,-0.375,3841.93994140625
2021-03-08,0.6949190443875604,-0.8,3821.35009765625
2021-03-09,0.7181077321504725,-0.75,3875.43994140625
2021-03-10,0.7040312524302466,-0.75,3898.81005859375
2021-03-11,0.6933209528571616,-0.7333333333333334,3939.340087890625
2021-03-12,0.6901788031552103,-0.5,3943.340087890625
2021-03-15,0.6901788031552103,-0.33333333333333326,3968.93994140625
2021-03-16,0.6901788031552103,-0.6666666666666666,3962.7099609375
2021-03-17,0.7265441250620563,-0.7,3974.1201171875
2021-03-18,0.7291104761907414,-0.6875,3915.4599609375
2021-03-19,0.7258735941127568,-0.6666666666666666,3913.10009765625
2021-03-22,0.7297377082254131,-0.6666666666666666,3940.590087890625
2021-03-23,0.7062818678522773,-0.6666666666666666,3910.52001953125
2021-03-24,0.6982089607710611,-0.33333333333333326,3889.139892578125
2021-03-25,0.703770124089083,-0.6153846153846154,3909.52001953125
2021-03-26,0.7341789570198367,-0.6842105263157895,3974.5400390625
2021-03-29,0.7041037263761374,-0.6666666666666666,3971.090087890625
2021-03-30,0.6891831182169019,-0.3666666666666666,3958.550048828125
2021-03-31,0.6821949606228457,0.6470588235294119,3972.889892578125
2021-04-01,0.674492659680229,-0.5,4019.8701171875
2021-04-05,0.7067286354339193,-0.6666666666666666,4077.909912109375
2021-04-06,0.6783030186207282,-0.6,4073.93994140625
2021-04-07,0.6982959251949317,-0.6428571428571428,4079.949951171875
2021-04-08,0.6668321401855017,-0.4,4097.169921875
2021-04-09,0.6329907508670622,2.0,4128.7998046875
2021-04-12,0.6329907508670622,-0.5,4127.990234375
2021-04-13,0.6983160893642428,-0.5,4141.58984375
2021-04-14,0.6542701780971623,-0.45000000000000007,4124.66015625
2021-04-15,0.6089579805914118,-0.5238095238095238,4170.419921875
2021-04-16,0.6201036111991356,-0.6923076923076923,4185.47021484375
2021-04-19,0.6850166495469794,-0.5454545454545454,4163.259765625
2021-04-20,0.6732745241407838,-0.4,4134.93994140625
2021-04-21,0.6732745241407838,-0.4,4173.419921875
2021-04-22,0.6577746592566021,-0.6666666666666666,4134.97998046875
2021-04-23,0.705329043303911,-0.55,4180.169921875
2021-04-26,0.739775083140894,-0.5,4187.6201171875
2021-04-27,0.7497679894939826,-0.6153846153846154,4186.72021484375
2021-04-28,0.77661991712655,-0.52,4183.18017578125
2021-04-29,0.7518196235559955,-0.5,4211.47021484375
2021-04-30,0.7050480655108995,-0.5,4181.169921875
2021-05-03,0.6610398495350625,0.0,4192.66015625
2021-05-04,0.624473329754899,-0.4444444444444444,4164.66015625
2021-05-05,0.652734364006422,-0.375,4167.58984375
2021-05-06,0.5971151058159041,-0.4736842105263158,4201.6201171875
2021-05-07,0.6195357647683144,-0.6,4232.60009765625
2021-05-10,0.6250709374198862,-0.5,4188.43017578125
2021-05-11,0.6097374512276552,-0.5,4152.10009765625
2021-05-12,0.6147754120017681,-0.625,4063.0400390625
2021-05-13,0.6799695434889665,-0.368421052631579,4112.5
2021-05-14,0.6329780109788845,-0.5454545454545454,4173.85009765625
2021-05-17,0.6786524308126896,-0.6000000000000001,4163.2900390625
2021-05-18,0.702349900540566,-0.55,4127.830078125
2021-05-19,0.6867267300038322,-0.5,4115.68017578125
2021-05-20,0.6646124274402028,-0.5,4159.1201171875
2021-05-21,0.6790049007768282,-0.55,4155.85986328125
2021-05-24,0.6565842418244179,0.25,4197.0498046875
2021-05-25,0.6571736526922414,-0.20000000000000007,4188.1298828125
2021-05-26,0.6540655651334659,-0.5555555555555556,4195.990234375
2021-05-27,0.7231733343120776,-0.5,4200.8798828125
2021-05-28,0.7192703186661742,-0.6190476190476191,4204.10986328125
2021-06-01,0.6918019230191801,-0.4736842105263158,4202.0400390625
2021-06-02,0.7042702894156965,-0.5,4208.1201171875
2021-06-03,0.6884942438765616,-0.5714285714285715,4192.85009765625
2021-06-04,0.6981991069016247,-0.5,4229.89013671875
2021-06-07,0.6757784479492135,-0.16666666666666663,4226.52001953125
2021-06-08,0.6757784479492139,-0.2857142857142857,4227.259765625
2021-06-09,0.6368081927474911,-0.38888888888888884,4219.5498046875
2021-06-10,0.6757784479492135,-0.375,4239.18017578125
2021-06-11,0.6976096960338012,-0.5,4247.43994140625
2021-06-14,0.7433735640184658,-0.5238095238095238,4255.14990234375
2021-06-15,0.7350920279778674,-0.4444444444444444,4246.58984375
2021-06-16,0.723994478717096,-0.5,4223.7001953125
2021-06-17,0.7264783045830203,-0.5,4221.85986328125
2021-06-18,0.7258888937151973,-0.7333333333333334,4166.4501953125
2021-06-21,0.7258888937151968,-0.736842105263158,4224.7900390625
2021-06-22,0.7252235356448691,-0.5,4246.43994140625
2021-06-23,0.7347497612260798,-0.33333333333333337,4241.83984375
2021-06-24,0.701007634034772,-0.6333333333333333,4266.490234375
2021-06-25,0.672715912379263,-0.6666666666666666,4280.7001953125
2021-06-28,0.6561663161299509,-0.6333333333333333,4290.60986328125
2021-06-29,0.6626653718670639,-0.7,4291.7998046875
2021-06-30,0.6196383785159787,-0.6666666666666666,4297.5
2021-07-01,0.6518946393304845,-0.6666666666666666,4319.93994140625
2021-07-02,0.6609250217154208,-0.5714285714285715,4352.33984375
2021-07-06,0.6485907787343086,-0.6,4343.5400390625
2021-07-07,0.6921617703881582,-0.6333333333333333,4358.1298828125
2021-07-08,0.6751422220662473,-0.875,4320.81982421875
2021-07-09,0.6549281082277028,-0.6666666666666666,4369.5498046875
2021-07-12,0.60791409539224,-0.55,4384.6298828125
2021-07-13,0.6825918368491948,-0.5,4369.2099609375
2021-07-14,0.686609767528525,-0.5,4374.2998046875
2021-07-15,0.6739807026816562,-0.5,4360.02978515625
2021-07-16,0.644094076601744,-0.6666666666666666,4327.16015625
2021-07-19,0.6872660217330031,-0.7250000000000001,4258.490234375
2021-07-20,0.6836928042698251,-0.6666666666666666,4323.06005859375
2021-07-21,0.6831155734132102,-0.6666666666666666,4358.68994140625
2021-07-22,0.6309951750198444,0.09999999999999987,4367.47998046875
2021-07-23,0.6309951750198448,-0.4545454545454546,4411.7900390625
2021-07-26,0.6309951750198453,-0.7333333333333334,4422.2998046875
2021-07-27,0.6279231604423217,-0.6153846153846154,4401.4599609375
2021-07-28,0.6582363267007758,-0.5,4400.64013671875
2021-07-29,0.6583756882507763,-0.4444444444444444,4419.14990234375
2021-07-30,0.6448489272533702,-0.6153846153846154,4395.259765625
2021-08-02,0.6122249497706469,-0.6923076923076923,4387.16015625
2021-08-03,0.6435169016461852,-0.5238095238095238,4423.14990234375
2021-08-04,0.6429274907783618,-0.375,4402.66015625
2021-08-05,0.6423380799105387,-0.6551724137931034,4429.10009765625
2021-08-06,0.6572457432337129,-0.6000000000000001,4436.52001953125
2021-08-10,0.6318248540612719,-0.375,4436.75
2021-08-11,0.6218669383928632,-0.2857142857142857,4442.41015625
2021-08-12,0.5837845820322953,-0.2857142857142857,4460.830078125
2021-08-13,0.6197449635691523,-0.33333333333333326,4468.0
2021-08-16,0.6162776362876143,-0.6799999999999999,4479.7099609375
2021-08-17,0.6611189541924345,-0.5,4448.080078125
2021-08-18,0.7142350702219118,-0.6799999999999999,4400.27001953125
2021-08-19,0.7419518760209569,-0.5,4405.7998046875
2021-08-20,0.7615017024902997,-0.4285714285714285,4441.669921875
2021-08-23,0.7583595527883489,-0.5,4479.52978515625
2021-08-24,0.7552962999109734,-0.25,4486.22998046875
2021-08-25,0.7515912749493223,-0.20000000000000018,4496.18994140625
2021-08-26,0.7094581738204431,-0.6190476190476191,4470.0
2021-08-27,0.7232549434665048,-0.6,4509.3701171875
2021-08-30,0.6990500747763084,-0.4666666666666668,4528.7900390625
2021-09-01,0.6990500747763084,-0.09090909090909083,4524.08984375
2021-09-02,0.6808173609832426,-0.09090909090909083,4536.9501953125
2021-09-03,0.687277834554163,0.25,4535.43017578125
2021-09-08,0.6483075793524402,-0.5,4514.06982421875
2021-09-10,0.6364446903152277,-0.9157894736842105,4458.580078125
2021-09-13,0.6010021953585372,-0.6,4468.72998046875
2021-09-14,0.6247361844478032,-0.6,4443.0498046875
2021-09-16,0.6042041988022429,-0.33333333333333326,4473.75
2021-09-17,0.6209941147376865,-0.6666666666666666,4432.990234375
2021-09-20,0.6055311412336541,-0.736842105263158,4357.72998046875
2021-09-21,0.5652437733556552,0.25,4354.18994140625
2021-09-22,0.5128651888897675,-0.5714285714285715,4395.64013671875
2021-09-23,0.5566198840493053,-0.5,4448.97998046875
2021-09-24,0.5790405430017151,-0.6,4455.47998046875
2021-09-27,0.5516826581395002,-0.7333333333333334,4443.10986328125
2021-09-28,0.551208477147342,-0.6428571428571428,4352.6298828125
2021-09-29,0.5320415692312586,-0.6666666666666666,4359.4599609375
2021-09-30,0.5385020428021798,-0.8536585365853658,4307.5400390625
2021-10-01,0.5224195436143755,-0.6666666666666666,4357.0400390625
2021-10-04,0.516182476043801,-0.75,4300.4599609375
2021-10-05,0.4854870189667344,-0.5,4345.72021484375
2021-10-06,0.47349137274424313,-0.75,4363.5498046875
2021-10-07,0.48358049542263437,-0.6666666666666666,4399.759765625
2021-10-08,0.5097121727177458,-0.5,4391.33984375
2021-10-11,0.48142045106223774,-0.5,4361.18994140625
2021-10-12,0.50789784816401,-0.5,4350.64990234375
2021-10-13,0.5030903773208912,-0.5,4363.7998046875
2021-10-14,0.45047949365098905,-0.5,4438.259765625
2021-10-15,0.45526911425685634,-0.5,4471.3701171875
2021-10-18,0.4095087650104867,-0.5,4486.4599609375
2021-10-19,0.3760530712759267,-0.5,4519.6298828125
2021-10-20,0.3494662155853625,-0.5,4536.18994140625
2021-10-21,0.3117721347848579,-0.5,4549.77978515625
2021-10-22,0.3026204580933354,-0.5,4544.89990234375
2021-10-25,0.27499081230457456,-0.5,4566.47998046875
2021-10-26,0.27542392019960493,-0.5,4574.7900390625
2021-10-27,0.24737140379115719,-0.5,4551.68017578125
2021-10-28,0.24744389350960905,-0.5,4596.419921875
2021-10-29,0.2190794813264949,-0.5,4605.3798828125
2021-11-01,0.17990872620661857,-0.5,4613.669921875
2021-11-02,0.17959464867424524,-0.5,4630.64990234375
2021-11-03,0.15088709058573313,-0.5,4660.56982421875
2021-11-04,0.15037942702787443,-0.5,4680.06005859375
2021-11-05,0.15037942702787532,-0.6666666666666666,4697.52978515625
2021-11-08,0.17867114868338296,-0.5,4701.7001953125
2021-11-09,0.23081664609714236,-0.5,4685.25
2021-11-10,0.23022723522931932,-0.6666666666666666,4646.7099609375
2021-11-11,0.2120246362522038,-0.5,4649.27001953125
2021-11-12,0.22599824277443448,-0.5,4682.85009765625
2021-11-15,0.22740020467138722,-0.5,4682.7998046875
2021-11-16,0.22740020467138677,0.0,4700.89990234375
2021-11-17,0.22740020467138633,0.0,4688.669921875
2021-11-18,0.22740020467138677,-0.5,4704.5400390625
2021-11-19,0.3113478167629684,-0.5,4697.9599609375
2021-11-22,0.3107584058951449,0.0,4682.93994140625
2021-11-23,0.3107584058951449,-0.75,4690.7001953125
2021-11-24,0.31075840589514536,0.0,4701.4599609375
2021-11-26,0.3107584058951449,-0.9947916666666666,4594.6201171875
2021-11-29,0.2824666842396373,-0.8333333333333333,4655.27001953125
2021-11-30,0.28246668423963683,-0.5,4567.0
2021-12-01,0.3673018875453571,-0.5,4513.0400390625
2021-12-02,0.3673018875453562,-0.8888888888888888,4577.10009765625
2021-12-03,0.3955936092008643,-0.6666666666666666,4538.43017578125
2021-12-06,0.4414985189656653,-0.5,4591.669921875
2021-12-07,0.4414985189656657,-0.8333333333333333,4686.75
2021-12-08,0.4414985189656653,-0.8571428571428571,4701.2099609375
2021-12-09,0.46979024062117336,-0.8,4667.4501953125
2021-12-10,0.49221089957358366,-0.5,4712.02001953125
2021-12-13,0.5311811547753074,0.0,4668.97021484375
2021-12-14,0.5370522174784047,-0.5,4634.08984375
2021-12-15,0.582957127243205,0.0,4709.85009765625
2021-12-16,0.5930462499215969,-0.5,4668.669921875
2021-12-17,0.6258937308769454,-0.6666666666666667,4620.64013671875
2021-12-20,0.628798988526589,-0.5,4568.02001953125
2021-12-21,0.6253110596261591,-0.6,4649.22998046875
2021-12-22,0.6215248962935354,-0.6,4696.56005859375
2021-12-23,0.6174079854995234,-0.5,4725.7900390625
2021-12-27,0.658826898700557,-0.6666666666666666,4791.18994140625
2021-12-28,0.6539261492258808,-0.6666666666666666,4786.35009765625
2021-12-29,0.6768473439065756,-0.6666666666666666,4793.06005859375
2021-12-30,0.681028986979229,-0.6666666666666666,4778.72998046875
2021-12-31,0.6806240667463008,-0.6666666666666666,4766.18017578125
2022-01-03,0.7244325783614531,-0.5,4796.56005859375
2022-01-04,0.7500564608135951,-0.5,4793.5400390625
2022-01-05,0.7506112123769015,-0.6666666666666666,4700.580078125
2022-01-06,0.7467811393339692,-0.5,4696.0498046875
2022-01-07,0.7880265038407042,-0.6666666666666666,4677.02978515625
2022-01-10,0.7717640609693,-0.75,4670.2900390625
2022-01-11,0.7747025180158404,-0.5,4713.06982421875
2022-01-12,0.814484653534266,-0.5,4726.35009765625
2022-01-13,0.791021368198511,-0.6666666666666666,4659.02978515625
2022-01-14,0.7828319275526194,-0.5,4662.85009765625
2022-01-18,0.8144846535342651,-0.5,4577.10986328125
2022-01-19,0.7901955877753997,-0.75,4532.759765625
2022-01-20,0.7818860895576245,-0.9947916666666666,4482.72998046875
2022-01-21,0.7664974648067067,-0.6666666666666666,4397.93994140625
2022-01-24,0.7338651016147009,3.5555555555555554,4410.1298828125
2022-01-25,0.7041581886682589,-0.5,4356.4501953125
2022-01-26,0.6865450005589664,-0.75,4349.93017578125
2022-01-27,0.6865450005589664,-0.6666666666666666,4326.509765625
2022-01-28,0.6758664670127517,-0.8,4431.85009765625
2022-01-31,0.6431163656958185,-0.75,4515.5498046875
2022-02-01,0.6265667694465051,-0.75,4546.5400390625
2022-02-02,0.6342521567033379,-0.75,4589.3798828125
2022-02-03,0.662543878358846,-0.6666666666666666,4477.43994140625
2022-02-04,0.7177146386281894,-0.5,4500.52978515625
2022-02-07,0.7440042663742021,-0.6666666666666666,4483.8701171875
2022-02-08,0.7333103908399972,-0.5,4521.5400390625
2022-02-09,0.6935282553215707,-0.5,4587.18017578125
2022-02-10,0.6915261614120758,-0.5,4504.080078125
2022-02-11,0.7103320713634225,-0.6666666666666666,4418.64013671875
2022-02-14,0.6741646848460605,-0.8571428571428571,4401.669921875
2022-02-15,0.6965853437984708,-0.5,4471.06982421875
2022-02-16,0.7356781805613966,-0.6666666666666666,4475.009765625
2022-02-17,0.7221240500484236,-0.5,4380.259765625
2022-02-18,0.7103819246422289,-0.8,4348.8701171875
2022-02-22,0.7254010997249414,-0.5,4304.759765625
2022-02-23,0.7424248769664112,-0.8,4225.5
2022-02-24,0.7424248769664108,1.0,4288.7001953125
2022-02-25,0.7330366337029686,-0.5,4384.64990234375
2022-02-28,0.7301111834574048,-0.5,4373.93994140625
2022-03-01,0.7518425436543157,-0.5,4306.259765625
2022-03-02,0.7690524828800407,-0.5,4386.5400390625
2022-03-03,0.7912328221463203,-0.8,4363.490234375
2022-03-04,0.7326447766765471,-0.875,4328.8701171875
2022-03-07,0.7265220024301726,0.0,4201.08984375
2022-03-08,0.7164328797517809,-0.5,4170.7001953125
2022-03-09,0.6881411580962729,0.0,4277.8798828125
2022-03-10,0.6881411580962724,0.0,4259.52001953125
2022-03-11,0.6976269698004338,0.0,4204.31005859375
2022-03-14,0.68342702671996,0.0,4173.10986328125
2022-03-15,0.6812403027485581,0.0,4262.4501953125
2022-03-16,0.65915088474059,0.0,4357.85986328125
2022-03-17,0.6111349207684271,0.0,4411.669921875
2022-03-18,0.5909821561775006,0.0,4463.1201171875
2022-03-21,0.592687022142445,0.0,4461.18017578125
2022-03-22,0.5613308333516587,0.0,4511.60986328125
2022-03-23,0.5561455050921533,0.0,4456.240234375
2022-03-24,0.5346272416926205,0.0,4520.16015625
2022-03-25,0.5233335661694438,0.0,4543.06005859375
2022-03-28,0.49728314367049276,0.0,4575.52001953125
2022-03-29,0.44629416159933477,0.0,4631.60009765625
2022-03-30,0.44622147107172827,0.0,4602.4501953125
2022-03-31,0.44602097115357475,0.0,4530.41015625
2022-04-01,0.4457068936212014,0.0,4545.85986328125
2022-04-04,0.44529105718819695,0.0,4582.64013671875
2022-04-05,0.4277596163888693,0.0,4525.1201171875
2022-04-06,0.41708108284265366,-0.5,4481.14990234375
2022-04-07,0.38819995031932253,0.0,4500.2099609375
2022-04-08,0.43025632505469025,0.0,4488.27978515625
2022-04-11,0.40239438038635944,0.0,4412.52978515625
2022-04-12,0.4026993442648532,0.0,4397.4501953125
2022-04-13,0.40347958136775586,0.0,4446.58984375
2022-04-14,0.35766065029011074,0.0,4392.58984375
2022-04-18,0.3084902720362954,0.0,4391.68994140625
2022-04-19,0.2970274824982897,0.0,4462.2099609375
2022-04-20,0.25086159456939083,0.0,4459.4501953125
2022-04-21,0.22223643302499618,0.0,4393.66015625
2022-04-22,0.2323255557033883,-0.5,4271.77978515625
2022-04-25,0.2782304654681891,-0.5,4296.1201171875
2022-04-26,0.3172007206699121,0.0,4175.2001953125
2022-04-27,0.3674843711265938,0.0,4183.9599609375
2022-04-28,0.3346368901712453,-0.5,4287.5
2022-04-29,0.3568172294375249,-0.5,4131.93017578125
2022-05-02,0.37220585418844276,-0.5,4155.3798828125
2022-05-03,0.36093790977440454,0.0,4175.47998046875
2022-05-04,0.4119993815640155,-0.5,4300.169921875
2022-05-05,0.4308052915153624,-0.5,4146.8701171875
2022-05-06,0.411409970696192,-0.75,4123.33984375
2022-05-09,0.38512034295017994,-0.5,3991.239990234375
2022-05-10,0.4140014754735113,0.0,4001.050048828125
2022-05-12,0.4119993815640155,-0.5,3930.080078125
2022-05-13,0.42738800631493334,0.0,4023.889892578125
2022-05-16,0.44619391626628024,-0.5,4008.010009765625
2022-05-17,0.44619391626628024,0.0,4088.85009765625
2022-05-18,0.4777626440449745,0.0,3923.679931640625
2022-05-19,0.4777626440449745,0.0,3900.7900390625
2022-05-20,0.4767118164956399,0.5000000000000002,3901.360107421875
2022-05-23,0.4755399073644704,0.0,3973.75
2022-05-24,0.5630108176426858,0.0,3941.47998046875
2022-05-25,0.5630108176426856,0.0,3978.72998046875
2022-05-26,0.5630108176426858,0.0,4057.840087890625
2022-05-27,0.5630108176426858,0.0,4158.240234375
2022-05-31,0.5584939480718345,-0.4999999999999999,4132.14990234375
2022-06-01,0.6145437611487758,0.0,4101.22998046875
2022-06-02,0.6400899346433673,0.5000000000000002,4176.81982421875
2022-06-03,0.637118829710521,-0.5,4108.5400390625
2022-06-06,0.6954148088291265,0.0,4121.43017578125
2022-06-07,0.7290132299687107,0.0,4160.68017578125
2022-06-08,0.7343882258288372,0.5000000000000002,4115.77001953125
2022-06-09,0.7287097192572278,0.0,4017.820068359375
2022-06-10,0.7514946105898945,-0.625,3900.860107421875
2022-06-13,0.744929839943598,-0.5,3749.6298828125
2022-06-14,0.7047599558287296,1.5,3735.47998046875
2022-06-15,0.6893713310778122,1.5,3789.989990234375
2022-06-16,0.6747190974140431,1.0,3666.77001953125
2022-06-21,0.724954586548828,0.0,3764.7900390625
2022-06-22,0.7479057634731281,0.0,3759.889892578125
2022-06-23,0.7479057634731272,0.0,3795.72998046875
2022-06-27,0.7392912494745092,-0.33333333333333337,3900.110107421875
2022-06-28,0.7297186878140671,-0.33333333333333337,3821.550048828125
2022-06-29,0.747285824761696,-0.33333333333333337,3818.830078125
2022-06-30,0.7452353761793789,-0.33333333333333337,3785.3798828125
2022-07-01,0.7374327546631454,-0.33333333333333337,3825.330078125
2022-07-05,0.6866468555919929,-0.33333333333333337,3831.389892578125
2022-07-06,0.7206845501401342,-0.33333333333333337,3845.080078125
2022-07-07,0.7143418146941412,-0.33333333333333337,3902.6201171875
2022-07-08,0.6544611437545806,-0.33333333333333337,3899.3798828125
2022-07-11,0.6426307111201606,-0.33333333333333337,3854.429931640625
2022-07-12,0.6079230274453358,-0.33333333333333337,3818.800048828125
2022-07-13,0.5831797428711933,-0.33333333333333337,3801.780029296875
2022-07-14,0.5673555102725758,-0.33333333333333337,3790.3798828125
2022-07-15,0.5309051824851978,-0.33333333333333337,3863.159912109375
2022-07-18,0.5330409445204323,-0.33333333333333337,3830.85009765625
2022-07-19,0.5348515603403436,-0.33333333333333337,3936.68994140625
2022-07-20,0.5363830181058558,-0.33333333333333337,3959.89990234375
2022-07-21,0.510093390359843,0.0,3998.949951171875
2022-07-22,0.5770262651851046,0.0,3961.6298828125
2022-07-25,0.554256515051001,-0.5,3966.840087890625
2022-07-26,0.5259647933954934,-0.5,3921.050048828125
2022-07-27,0.5481337408046265,-0.5,4023.610107421875
2022-07-28,0.5440046519774744,-0.5,4072.429931640625
2022-07-29,0.514937357469889,-0.5,4130.2900390625
2022-08-01,0.5090484445295402,-0.5,4118.6298828125
2022-08-02,0.4838022306914813,-0.5,4091.18994140625
2022-08-03,0.47141789138919643,-0.5,4155.169921875
2022-08-04,0.45431684740279366,-0.5,4151.93994140625
2022-08-05,0.42930339405800044,-0.5,4145.18994140625
2022-08-08,0.37917936825525933,-0.5,4140.06005859375
2022-08-09,0.38043085498982876,-0.5,4122.47021484375
2022-08-10,0.35257224122935016,-0.5,4210.240234375
2022-08-11,0.3138411912746881,-0.5,4207.27001953125
2022-08-12,0.28562195933763235,-0.5,4280.14990234375
2022-08-15,0.28554926881002585,-0.5,4297.14013671875
2022-08-16,0.2859381797596958,-0.5,4305.2001953125
2022-08-17,0.23971919246252105,-0.5,4274.0400390625
2022-08-18,0.2680109141180289,-0.33333333333333337,4283.740234375
2022-08-19,0.3154699150498681,-0.33333333333333337,4228.47998046875
2022-08-22,0.3180351202610301,-0.33333333333333337,4137.990234375
2022-08-23,0.3203121357280183,-0.33333333333333337,4128.72998046875
2022-08-24,0.32233360245915943,-0.33333333333333337,4140.77001953125
2022-08-25,0.3241267471229339,-0.33333333333333337,4199.1201171875
2022-08-26,0.3257145276279463,-0.33333333333333337,4057.659912109375
2022-08-29,0.3271164895248997,-0.33333333333333337,4030.610107421875
2022-08-30,0.32834941688903374,-0.33333333333333337,3986.159912109375
2022-08-31,0.2904575791365289,-0.33333333333333337,3955.0
2022-09-01,0.2631024225227494,-0.33333333333333337,3966.85009765625
2022-09-02,0.2639082358633451,-0.33333333333333337,3924.260009765625
2022-09-06,0.26216585748102084,-0.33333333333333337,3908.18994140625
2022-09-07,0.34592264333752176,-0.33333333333333337,3979.8701171875
2022-09-08,0.26216585748102084,-0.33333333333333337,4006.179931640625
2022-09-09,0.26310242252274896,-0.33333333333333337,4067.360107421875
2022-09-12,0.26449764673116816,-0.33333333333333337,4110.41015625
2022-09-13,0.26449764673116816,-0.33333333333333337,3932.68994140625
2022-09-14,0.26449764673116816,-0.33333333333333337,3946.010009765625
2022-09-15,0.26449764673116816,-0.33333333333333337,3901.35009765625
2022-09-16,0.26449764673116793,-0.33333333333333337,3873.330078125
2022-09-19,0.26449764673116816,-0.33333333333333337,3899.889892578125
2022-09-20,0.26449764673116793,-0.33333333333333337,3855.929931640625
2022-09-21,0.26449764673116793,-0.33333333333333337,3789.929931640625
2022-09-22,0.26449764673116793,-0.33333333333333337,3757.989990234375
2022-09-23,0.26369183339057223,-0.5,3693.22998046875
2022-09-26,0.34157291718915617,-0.5,3655.0400390625
2022-09-27,0.25745624824341395,-0.5,3647.2900390625
2022-09-28,0.258023194989353,-0.5,3719.0400390625
2022-09-29,0.2584529719765303,-0.5,3640.469970703125
2022-09-30,0.2587579358550234,-0.5,3585.6201171875
2022-10-03,0.2587579358550234,-0.5,3678.429931640625
2022-10-04,0.2584529719765303,0.0,3790.929931640625
2022-10-05,0.25802319498935344,0.0,3783.280029296875
2022-10-06,0.28574796989892204,0.0,3744.52001953125
2022-10-07,0.2951185582173368,0.0,3639.659912109375
2022-10-10,0.3003542365255525,0.0,3612.389892578125
2022-10-11,0.30347860426714024,0.0,3588.840087890625
2022-10-12,0.30523524878803654,0.0,3577.030029296875
2022-10-13,0.3059716853840102,0.0,3669.909912109375
2022-10-14,0.30586593552904184,0.0,3583.070068359375
2022-10-17,0.30500634789502645,0.0,3677.949951171875
2022-10-18,0.3034238664675508,0.0,3719.97998046875
2022-10-19,0.3011042649815683,0.0,3695.159912109375
2022-10-20,0.2979889357952319,0.0,3665.780029296875
2022-10-21,0.2939655695153949,0.0,3752.75
2022-10-24,0.28884471462679806,0.0,3797.340087890625
2022-10-25,0.23018397862941864,0.0,3859.110107421875
2022-10-26,0.2299834787112658,0.0,3830.60009765625
2022-10-27,0.22947857494381174,0.0,3807.300048828125
2022-10-28,0.22875777463231461,0.0,3901.06005859375
2022-10-31,0.22782033408727953,0.0,3871.97998046875
2022-11-01,0.22666233056944396,0.0,3856.10009765625
2022-11-02,0.225276575178184,0.0,3759.68994140625
2022-11-03,0.22365234198946338,0.0,3719.889892578125
2022-11-04,0.222576499993008,-0.5,3770.550048828125
2022-11-07,0.2798756821662278,-0.5,3806.800048828125
2022-11-08,0.28353756900776506,-0.5,3828.110107421875
2022-11-09,0.28598952471475236,-0.5,3748.570068359375
2022-11-10,0.21758976078501568,-0.5,3956.3701171875
2022-11-11,0.21700034991719308,0.0,3992.929931640625
2022-11-14,0.2720668294854436,0.0,3957.25
2022-11-15,0.27163372159041366,-0.75,3991.72998046875
2022-11-16,0.27097164572366705,0.0,3958.7900390625
2022-11-17,0.35486940304251724,0.0,3946.56005859375
2022-11-18,0.35452979368302606,0.0,3965.340087890625
2022-11-21,0.35363074105867853,0.0,3949.93994140625
2022-11-22,0.35204770033400035,0.0,4003.580078125
2022-11-23,0.3495747700503531,0.0,4027.260009765625
2022-11-25,0.3776326303998345,0.0,4026.1201171875
2022-11-28,0.4165338780132626,0.0,3963.93994140625
2022-11-29,0.389414065488924,0.0,3957.6298828125
2022-11-30,0.39046489303825815,0.0,4080.110107421875
2022-12-01,0.39140238121420645,0.0,4076.570068359375
2022-12-02,0.3886850853794923,0.0,4071.699951171875
2022-12-05,0.38515364573103006,0.0,3998.840087890625
2022-12-06,0.38059718656576336,0.0,3941.260009765625
2022-12-07,0.37468228911459844,0.0,3933.919921875
2022-12-08,0.36683650514114907,0.0,3963.510009765625
2022-12-09,0.3450401094826745,0.0,3934.3798828125
2022-12-12,0.3461602188682341,0.0,3990.56005859375
2022-12-13,0.34585198979937715,-0.6666666666666666,4019.64990234375
2022-12-14,0.3454680461915719,-0.5,3995.320068359375
2022-12-15,0.3839745871489679,0.0,3895.75
2022-12-19,0.42239694678397854,-0.5,3817.659912109375
2022-12-20,0.438783838583666,0.0,3821.6201171875
2022-12-21,0.4903421693205925,0.0,3878.43994140625
2022-12-22,0.4903421693205927,0.0,3822.389892578125
2022-12-23,0.4903421693205927,0.0,3844.820068359375
2022-12-27,0.5047192675991463,0.0,3829.25
2022-12-28,0.5469639512467113,0.0,3783.219970703125
2022-12-29,0.5469639512467113,0.0,3849.280029296875
2022-12-30,0.5469639512467113,0.0,3839.5
2023-01-04,0.5469639512467113,0.0,3852.969970703125
2023-01-05,0.5469639512467113,0.0,3808.10009765625
2023-01-06,0.5486534116434874,-0.5,3895.080078125
2023-01-09,0.5542770468910123,0.0,3892.090087890625
2023-01-10,0.5887543978137064,0.0,3919.25
2023-01-11,0.5880200512006937,-0.5,3969.610107421875
2023-01-12,0.5904595630268905,0.0,3983.169921875
2023-01-13,0.6158797740178161,-0.5,3999.090087890625
2023-01-17,0.5859109140653647,0.0,3990.969970703125
2023-01-18,0.5582901744986983,0.0,3928.860107421875
2023-01-19,0.5564541022078391,0.0,3898.85009765625
2023-01-20,0.5503882607211288,0.0,3972.610107421875
2023-01-23,0.5258763934960826,0.0,4019.81005859375
2023-01-24,0.5294305633699601,0.0,4016.949951171875
2023-01-25,0.5275815238020787,0.0,4016.219970703125
2023-01-26,0.4392770578259637,0.0,4060.429931640625
2023-01-27,0.44162418638810896,0.0,4070.56005859375
2023-01-30,0.44381805738046365,0.0,4017.77001953125
2023-01-31,0.44381805738046365,0.0,4076.60009765625
2023-02-01,0.4438180573804634,0.0,4119.2099609375
2023-02-02,0.44381805738046365,0.0,4179.759765625
2023-02-03,0.44381805738046365,0.0,4136.47998046875
2023-02-06,0.4000573864174056,0.0,4111.080078125
2023-02-07,0.40253823580058923,0.0,4164.0
2023-02-08,0.3972954979614417,0.0,4117.85986328125
2023-02-09,0.3972954979614419,0.0,4081.5
2023-02-10,0.3972954979614417,0.0,4090.4599609375
2023-02-13,0.3972954979614417,0.0,4137.2900390625
2023-02-14,0.3972954979614417,0.0,4136.1298828125
2023-02-15,0.3972954979614419,0.0,4147.60009765625
2023-02-16,0.3972954979614417,0.0,4090.409912109375
2023-02-17,0.3972954979614417,0.0,4079.090087890625
2023-02-21,0.3972954979614417,0.0,3997.340087890625
2023-02-22,0.3972954979614419,0.0,3991.050048828125
2023-02-23,0.3972954979614418,0.0,4012.320068359375
2023-02-24,0.30458829899161455,0.0,3970.0400390625
2023-02-27,0.3050520132359412,0.0,3982.239990234375
2023-02-28,0.30543595684374647,0.0,3970.14990234375
2023-03-01,0.27945455816659115,0.0,3951.389892578125
2023-03-02,0.28075459238407285,0.0,3981.35009765625
2023-03-03,0.2767221152939541,0.0,4045.639892578125
2023-03-06,0.27672211529395374,0.0,4048.419921875
2023-03-07,0.27672211529395374,0.0,3986.3701171875
2023-03-08,0.22016443202558045,0.0,3992.010009765625
2023-03-09,0.2206748858608033,0.0,3918.320068359375
2023-03-10,0.21405792114788152,0.0,3861.590087890625
2023-03-13,0.21405792114788152,0.0,3855.760009765625
2023-03-14,0.21405792114788152,0.0,3919.2900390625
2023-03-15,0.21405792114788152,0.0,3891.929931640625
2023-03-16,0.21405792114788152,0.0,3960.280029296875
2023-03-17,0.1449957917895634,0.0,3916.639892578125
2023-03-20,0.1447590648042409,0.0,3951.570068359375
2023-03-21,0.1335891180311885,0.0,4002.8701171875
2023-03-22,0.03415705724826551,0.0,3936.969970703125
2023-03-23,0.033161130670615324,0.0,3948.719970703125
2023-03-24,0.0032647611694887058,0.0,3970.989990234375
2023-03-27,0.001641428100629852,0.0,3977.530029296875
2023-03-28,0.0,0.0,3971.27001953125
2023-03-29,0.0,0.0,4027.81005859375
2023-03-30,0.0,0.0,4050.830078125
2023-03-31,0.0,0.0,4109.31005859375
2023-04-03,0.0,0.0,4124.509765625
2023-04-04,0.0,0.0,4100.60009765625
2023-04-05,0.0,0.0,4090.3798828125
2023-04-06,0.0,0.0,4105.02001953125
2023-04-10,0.0,0.0,4109.10986328125
2023-04-11,0.0,0.0,4108.93994140625
2023-04-12,0.0,0.0,4091.949951171875
2023-04-13,0.0,0.0,4146.22021484375
2023-04-14,0.0,0.0,4137.64013671875
2023-04-17,0.0,0.0,4151.31982421875
2023-04-18,0.0,0.0,4154.8701171875
2023-04-19,0.0,0.0,4154.52001953125
2023-04-20,0.0,0.0,4129.7900390625
2023-04-21,0.0,0.0,4133.52001953125
2023-04-24,0.0,0.0,4137.0400390625
2023-04-25,0.0,0.0,4071.6298828125
2023-04-26,0.0,0.0,4055.989990234375
2023-04-27,0.0,0.0,4135.35009765625
2023-04-28,0.0,0.0,4169.47998046875
2023-05-01,0.0,0.0,4167.8701171875
2023-05-02,0.0,0.0,4119.580078125
2023-05-03,0.0,0.0,4090.75
2023-05-04,0.0,0.0,4061.219970703125
2023-05-05,0.0,0.0,4136.25
2023-05-08,0.0,0.0,4138.1201171875
2023-05-09,0.0,0.0,4119.169921875
2023-05-10,0.0,0.0,4137.64013671875
2023-05-11,0.0,0.0,4130.6201171875
2023-05-12,0.0,0.0,4124.080078125
2023-05-15,0.0,0.0,4136.27978515625
2023-05-16,0.0,0.0,4109.89990234375
2023-05-17,0.0,0.0,4158.77001953125
2023-05-18,0.0,0.0,4198.0498046875
2023-05-19,0.0,0.0,4191.97998046875
2023-05-22,0.0,0.0,4192.6298828125
2023-05-23,0.0,0.0,4145.580078125
2023-05-24,0.0,0.0,4115.240234375
2023-05-25,0.0,0.0,4151.27978515625
2023-05-26,0.0,0.0,4205.4501953125
2023-05-30,0.0,0.0,4205.52001953125
2023-05-31,0.0,0.0,4179.830078125
2023-06-01,0.0,0.0,4221.02001953125
2023-06-02,0.0,0.0,4282.3701171875
2023-06-05,0.0,0.0,4273.7900390625
2023-06-06,0.0,0.0,4283.85009765625
2023-06-07,0.0,0.0,4267.52001953125
2023-06-08,0.0016414281006298798,-0.9999160510409671,4293.93017578125
2023-06-09,0.0032647611694887613,0.0,4298.85986328125
2023-06-12,0.10363334864519672,0.0,4338.93017578125
2023-06-13,0.10363334864519672,0.0,4369.009765625
2023-06-14,0.10363334864519672,0.0,4372.58984375
2023-06-15,0.10363334864519672,0.0,4425.83984375
2023-06-16,0.10477499541637614,-0.5,4409.58984375
2023-06-20,0.10588680724350363,0.0,4388.7099609375
2023-06-21,0.1352593529936717,-0.5,4365.68994140625
2023-06-22,0.13571854942787365,0.0,4381.89013671875
2023-06-23,0.14682275017318636,-0.5,4348.330078125
2023-06-26,0.14699101489235455,0.0,4328.81982421875
2023-06-27,0.24387914258930377,0.0,4378.41015625
2023-06-28,0.24387914258930377,0.0,4376.85986328125
2023-06-29,0.24387914258930377,0.0,4396.43994140625
2023-06-30,0.2442745415736708,-0.6666666666666666,4450.3798828125
2023-07-03,0.2446170661669278,0.0,4455.58984375
2023-07-05,0.33981497517297954,0.0,4446.81982421875
2023-07-06,0.35653052334559243,-0.5,4411.58984375
2023-07-07,0.35519022745102047,0.0,4398.9501953125
2023-07-10,0.41966744156941005,0.0,4409.52978515625
2023-07-11,0.41966744156941005,0.0,4439.259765625
2023-07-12,0.41966744156941027,0.0,4472.16015625
2023-07-13,0.41966744156941027,0.0,4510.0400390625
2023-07-14,0.41966744156941005,0.0,4505.419921875
2023-07-17,0.42983191592437486,-0.5,4522.7900390625
2023-07-18,0.42861186074564395,-0.5,4554.97998046875
2023-07-19,0.4783418739910159,0.0,4565.72021484375
2023-07-20,0.529181671487216,0.0,4534.8701171875
2023-07-21,0.529181671487216,0.0,4536.33984375
2023-07-24,0.529181671487216,0.0,4554.64013671875
2023-07-25,0.529181671487216,0.0,4567.4599609375
2023-07-26,0.529181671487216,0.0,4566.75
2023-07-27,0.529181671487216,0.0,4537.41015625
2023-07-28,0.529181671487216,0.0,4582.22998046875
2023-07-31,0.5352972987126376,-0.5,4588.9599609375
2023-08-01,0.5359956779679413,0.0,4576.72998046875
2023-08-02,0.5774388818924883,0.0,4513.39013671875
2023-08-03,0.5774388818924885,0.0,4501.89013671875
2023-08-04,0.5774388818924883,0.0,4478.02978515625
2023-08-07,0.5774388818924885,0.0,4518.43994140625
2023-08-08,0.5774388818924885,0.0,4499.3798828125
2023-08-09,0.5774388818924883,0.0,4467.7099609375
2023-08-10,0.5774388818924883,0.0,4468.830078125
2023-08-11,0.5774388818924885,0.0,4464.0498046875
2023-08-14,0.5774388818924885,0.0,4489.72021484375
2023-08-15,0.5774388818924883,0.0,4437.85986328125
2023-08-16,0.5774388818924883,0.0,4404.330078125
2023-08-17,0.48913441591637397,0.0,4370.35986328125
2023-08-18,0.49148154447851855,0.0,4369.7099609375
2023-08-21,0.49367541547087357,0.0,4399.77001953125
2023-08-22,0.49367541547087357,0.0,4387.5498046875
2023-08-23,0.49367541547087357,0.0,4436.009765625
2023-08-24,0.49367541547087357,0.0,4376.31005859375
2023-08-25,0.44991474450781577,0.0,4405.7099609375
2023-08-28,0.4482006952346054,0.0,4433.31005859375
2023-08-29,0.4231311226673241,0.0,4497.6298828125
2023-08-30,0.42004577484550043,0.0,4514.8701171875
2023-08-31,0.36999965645021693,0.0,4507.66015625
2023-09-01,0.36479794474403915,0.0,4515.77001953125
2023-09-05,0.36658586969247287,0.0,4496.830078125
2023-09-06,0.36658586969247287,0.0,4465.47998046875
2023-09-07,0.36658586969247287,0.0,4451.14013671875
2023-09-08,0.2713879606864209,0.0,4457.490234375
2023-09-11,0.2715556933343457,0.0,4487.4599609375
2023-09-12,0.27165810379295163,0.0,4461.89990234375
2023-09-13,0.21455211161442866,0.0,4467.43994140625
2023-09-14,0.20396879846948934,0.0,4505.10009765625
2023-09-15,0.20424025195720202,0.0,4450.31982421875
2023-09-18,0.20424025195720202,0.0,4453.52978515625
2023-09-19,0.20424025195720202,0.0,4443.9501953125
2023-09-20,0.20424025195720202,0.0,4402.2001953125
2023-09-21,0.20424025195720202,0.0,4330.0
2023-09-22,0.13466994212584876,0.0,4320.06005859375
2023-09-25,0.10529739637568059,0.0,4337.43994140625
2023-09-26,0.10418558454855303,0.0,4273.52978515625
2023-09-27,0.10363334864519666,0.0,4274.509765625
2023-09-28,0.10363334864519666,0.0,4299.7001953125
2023-09-29,0.10363334864519666,0.0,4288.0498046875
2023-10-02,0.10363334864519666,0.0,4288.39013671875
2023-10-03,0.10363334864519666,0.0,4229.4501953125
2023-10-04,0.10363334864519666,0.0,4263.75
2023-10-05,0.10363334864519666,0.0,4258.18994140625
2023-10-06,0.0032647611694887058,0.0,4308.5
2023-10-09,0.001641428100629852,0.0,4335.66015625
2023-10-10,0.0,0.0,4358.240234375
2023-10-11,0.0,0.0,4376.9501953125
2023-10-12,0.0,0.0,4349.60986328125
2023-10-13,0.0,0.0,4327.77978515625
2023-10-16,0.0,0.0,4373.6298828125
2023-10-17,0.0,0.0,4373.2001953125
2023-10-18,0.0,0.0,4314.60009765625
2023-10-19,0.0,0.0,4278.0
2023-10-20,0.0,0.0,4224.16015625
2023-10-23,0.0,0.0,4217.0400390625
2023-10-24,0.0,0.0,4247.68017578125
2023-10-25,0.0,0.0,4186.77001953125
2023-10-26,0.0,0.0,4137.22998046875
2023-10-27,0.0,0.0,4117.3701171875
2023-10-30,0.0,0.0,4166.81982421875
2023-10-31,0.0,0.0,4193.7998046875
2023-11-01,0.0,0.0,4237.85986328125
2023-11-02,0.0,0.0,4317.77978515625
2023-11-03,0.0,0.0,4358.33984375
2023-11-06,0.0,0.0,4365.97998046875
2023-11-07,0.0,0.0,4378.3798828125
2023-11-08,0.0,0.0,4382.77978515625
2023-11-09,0.0,0.0,4347.35009765625
2023-11-10,0.0,0.0,4415.240234375
2023-11-13,0.0,0.0,4411.5498046875
2023-11-14,0.0,0.0,4495.7001953125
2023-11-15,0.0,0.0,4502.8798828125
2023-11-16,0.0,0.0,4508.240234375
2023-11-17,0.0016414281006298798,-0.5,4514.02001953125
2023-11-20,0.0032647611694887613,-0.5,4547.3798828125
2023-11-21,0.033161130670615324,-0.5,4538.18994140625
2023-11-22,0.04483559079448074,-0.5,4556.6201171875
2023-11-24,0.05252372894090307,-0.5,4559.33984375
2023-11-27,0.05406841486577946,0.0,4550.43017578125
2023-11-28,0.05559167340573501,-0.33333333333333337,4554.89013671875
2023-11-29,0.05709270604197936,-0.33333333333333337,4550.580078125
2023-11-30,0.05857066052082294,-0.6,4567.7998046875
2023-12-01,0.060024625656522335,0.0,4594.6298828125
2023-12-04,0.15636444444332098,0.0,4569.77978515625
2023-12-05,0.18552203428489655,-0.33333333333333337,4567.18017578125
2023-12-06,0.1857568323870772,-0.33333333333333337,4549.33984375
2023-12-07,0.1865373614006125,-0.5,4585.58984375
2023-12-08,0.23833349508192536,-0.5,4604.3701171875
2023-12-11,0.24732941514183104,-0.5,4622.43994140625
2023-12-12,0.2544278089957477,-0.5,4643.7001953125
2023-12-13,0.2602031186993288,-0.5,4707.08984375
2023-12-14,0.26499094116419775,-0.5,4719.5498046875
2023-12-15,0.26900453801172186,-0.5,4719.18994140625
2023-12-18,0.26881647917804896,0.0,4740.56005859375
2023-12-19,0.29744164072244383,-0.5,4768.3701171875
2023-12-20,0.3372091816865086,-0.5,4698.35009765625
2023-12-21,0.34223216385365696,-0.5,4746.75
2023-12-22,0.3465550147653773,-0.5,4754.6298828125
2023-12-26,0.35027291838999175,-0.5,4774.75
2023-12-27,0.3534565235698073,-0.5,4781.580078125
2023-12-28,0.3561587089243978,-0.5,4783.35009765625
2023-12-29,0.3550418647292022,0.0,4769.830078125
2024-01-02,0.36470121042041725,-0.5,4742.830078125
2024-01-03,0.4100391734392794,0.0,4704.81005859375
2024-01-04,0.4154434133256766,-0.5,4688.68017578125
2024-01-05,0.43673665665379735,0.0,4697.240234375
2024-01-08,0.4356608146573415,-0.6666666666666666,4763.5400390625
2024-01-09,0.4343719513607889,0.0,4756.5
2024-01-10,0.5078190732262884,0.0,4783.4501953125
2024-01-11,0.5078190732262886,0.0,4780.240234375
2024-01-12,0.5078190732262884,0.0,4783.830078125
2024-01-16,0.5078190732262884,0.0,4765.97998046875
2024-01-17,0.5078190732262884,0.0,4739.2099609375
2024-01-18,0.5078190732262886,0.0,4780.93994140625
2024-01-19,0.5078190732262884,0.0,4839.81005859375
2024-01-22,0.5078190732262884,0.0,4850.43017578125
2024-01-23,0.5078190732262884,0.0,4864.60009765625
2024-01-24,0.5078190732262886,0.0,4868.5498046875
2024-01-25,0.5078190732262884,0.0,4894.16015625
2024-01-26,0.5078190732262884,0.0,4890.97021484375
2024-01-29,0.5078190732262884,0.0,4927.93017578125
2024-01-30,0.43437195136078866,0.0,4924.97021484375
2024-01-31,0.4186370374158723,0.0,4845.64990234375
2024-02-01,0.46164893559100184,-0.5,4906.18994140625
2024-02-02,0.5044767988317111,-0.5,4958.60986328125
2024-02-05,0.5076201563943428,0.0,4942.81005859375
2024-02-06,0.48516201660000213,-0.5,4954.22998046875
2024-02-07,0.44537988108157656,0.0,4995.06005859375
2024-02-08,0.44901479976684855,-0.5,4997.91015625
2024-02-09,0.432449861529546,0.0,5026.60986328125
2024-02-12,0.5100663368993248,0.0,5021.83984375
2024-02-13,0.5397732498457666,-0.5,4953.169921875
2024-02-14,0.47154501773942936,0.0,5000.6201171875
2024-02-15,0.5202803605858777,0.0,5029.72998046875
2024-02-16,0.5485720822413855,-0.6666666666666667,5005.56982421875
2024-02-20,0.5485720822413851,-0.5,4975.509765625
2024-02-21,0.6162977016979374,-0.5,4981.7998046875
2024-02-22,0.6162977016979374,-0.5,5087.02978515625
2024-02-23,0.6162977016979374,-0.5,5088.7998046875
2024-02-26,0.6162977016979374,-0.5,5069.52978515625
2024-02-27,0.6269654578831285,0.0,5078.18017578125
2024-02-28,0.6087745176708477,-0.5,5069.759765625
2024-02-29,0.6314868788543149,-0.5,5096.27001953125
2024-03-01,0.6269654578831285,0.0,5137.080078125
2024-03-04,0.6247082824953536,-0.5,5130.9501953125
2024-03-05,0.6447347767273204,-0.5,5078.64990234375
2024-03-07,0.6447347767273206,-0.5,5157.35986328125
2024-03-08,0.6447347767273206,-0.5,5123.68994140625
2024-03-11,0.6468854440178544,0.0,5117.93994140625
2024-03-12,0.6369298040392088,-0.5,5175.27001953125
2024-03-13,0.6498771717380345,-0.5,5165.31005859375
2024-03-14,0.6499987671276479,-0.5,5150.47998046875
2024-03-18,0.654193665784041,0.0,5149.419921875
2024-03-19,0.6447347767273206,-0.5,5178.509765625
2024-03-20,0.5987838698690311,-0.5,5224.6201171875
2024-03-21,0.5826317194742319,-0.5,5241.52978515625
2024-03-22,0.5826317194742314,-0.33333333333333337,5234.18017578125
2024-03-25,0.5800665142630699,-0.5,5218.18994140625
2024-03-26,0.5771735026733988,-0.2499999999999999,5203.580078125
2024-03-27,0.5739039188064288,-0.5,5248.490234375
2024-03-28,0.634267947475635,0.0,5254.35009765625
2024-04-01,0.6343079374479841,-0.5,5243.77001953125
2024-04-02,0.6466678690233201,-0.5,5205.81005859375
2024-04-03,0.6510985134252445,0.0,5211.490234375
2024-04-04,0.6711250076572115,0.0,5147.2099609375
2024-04-08,0.6711250076572115,0.0,5202.39013671875
2024-04-09,0.687663023247074,-0.5,5209.91015625
2024-04-10,0.6972435076934078,0.0,5160.64013671875
2024-04-11,0.6825912740296387,-0.2499999999999999,5199.06005859375
2024-04-12,0.6637853640782918,0.0,5123.41015625
2024-04-15,0.6657874579877869,-0.2499999999999999,5061.81982421875
2024-04-16,0.6827998433721103,-0.5,5051.41015625
2024-04-17,0.7477551101539706,-0.5,5022.2099609375
2024-04-18,0.7412802343861853,-0.5,5011.1201171875
2024-04-19,0.7327011688132812,-0.75,4967.22998046875
2024-04-22,0.7154912295875557,-0.5,5010.60009765625
2024-04-23,0.7818080501935767,-0.5,5070.5498046875
2024-04-24,0.7600766899966653,-0.6666666666666666,5071.6298828125
2024-04-25,0.764079345893308,-0.5,5048.419921875
2024-04-26,0.7957909114982864,-0.5,5099.9599609375
2024-04-29,0.779495629421588,-0.5,5116.169921875
2024-04-30,0.7590896664063242,-0.5,5035.68994140625
2024-05-01,0.7313336021658254,-0.5,5018.39013671875
2024-05-02,0.7416720700979493,-0.5,5064.2001953125
2024-05-03,0.7518340077062133,-0.5,5127.7900390625
2024-05-06,0.7518340077062136,-0.5,5180.740234375
2024-05-07,0.7518340077062133,-0.5,5187.7001953125
2024-05-08,0.7518340077062136,-0.5,5187.669921875
2024-05-09,0.7203502006843447,-0.6666666666666666,5214.080078125
2024-05-10,0.713297996798643,-0.5,5222.68017578125
2024-05-13,0.7643910050638039,-0.5,5221.419921875
2024-05-14,0.7362009969567533,-0.5,5246.68017578125
2024-05-15,0.7352984774572351,-0.5,5308.14990234375
2024-05-16,0.7380029181227576,-0.4999999999999999,5297.10009765625
2024-05-17,0.7380029181227574,-0.5,5303.27001953125
2024-05-20,0.7394077659369676,0.0,5308.1298828125
2024-05-21,0.7065216256349971,-0.5,5321.41015625
2024-05-22,0.7352984774572351,-0.5,5307.009765625
2024-05-23,0.7380029181227574,-0.5,5267.83984375
2024-05-24,0.7305088568513685,-0.33333333333333337,5304.72021484375
2024-05-28,0.6863433802782128,-0.33333333333333337,5306.0400390625
2024-05-29,0.6750640440070272,0.0,5266.9501953125
2024-05-31,0.7148461795254533,-0.5,5277.509765625
2024-06-04,0.7366588859483447,-0.19999999999999996,5291.33984375
2024-06-05,0.6834925547755115,-0.2499999999999999,5354.02978515625
2024-06-07,0.6941710883217267,-0.5,5346.990234375
2024-06-10,0.7473374194945603,-0.5,5360.7900390625
2024-06-11,0.7255247130716693,-0.5,5375.31982421875
2024-06-12,0.6925715170593736,-0.5,5421.02978515625
2024-06-14,0.6747358595012019,-0.6666666666666666,5431.60009765625
2024-06-17,0.6569002019430297,-0.5,5473.22998046875
2024-06-18,0.6459991989479343,-0.5,5487.02978515625
2024-06-20,0.6126306617786148,-0.5,5473.169921875
2024-06-21,0.5895650465922473,-0.5,5464.6201171875
2024-06-24,0.5944496939006787,-0.5,5447.8701171875
2024-06-25,0.5600522109829034,-0.5,5469.2998046875
2024-06-26,0.536047191282911,-0.5,5477.89990234375
2024-06-27,0.5117787508190847,-0.5,5482.8701171875
2024-06-28,0.5108223985323179,-0.6666666666666666,5460.47998046875
2024-07-01,0.5098660462455511,-0.5,5475.08984375
2024-07-02,0.553070570169091,-0.5,5509.009765625
2024-07-03,0.553070570169091,-0.5,5537.02001953125
2024-07-05,0.46737404949226846,-0.5,5567.18994140625
2024-07-08,0.4709282193661466,-0.5,5572.85009765625
2024-07-09,0.4742725244053132,-0.5,5576.97998046875
2024-07-10,0.4328293204807656,-0.5,5633.91015625
2024-07-11,0.43613280132967747,-0.5,5584.5400390625
2024-07-12,0.43928302460879887,-0.5,5615.35009765625
2024-07-15,0.4392830246087991,-0.5,5631.22021484375
2024-07-16,0.43928302460879887,-0.5,5667.2001953125
2024-07-17,0.43928302460879887,-0.5,5588.27001953125
2024-07-18,0.4392830246087991,-0.5,5544.58984375
2024-07-19,0.436499742748621,-0.33333333333333326,5505.0
2024-07-22,0.43415261418647577,-0.5,5564.41015625
2024-07-23,0.522457080162591,-0.5,5555.740234375
2024-07-24,0.5224570801625907,-0.5,5427.1298828125
2024-07-25,0.4775467746100095,-0.6666666666666666,5399.22021484375
2024-07-26,0.4775467746100095,-0.5,5459.10009765625
2024-07-29,0.5103942555653578,-0.33333333333333326,5463.5400390625
2024-07-30,0.5071189817272834,-0.5,5436.43994140625
2024-07-31,0.5648404525785409,-0.5,5522.2998046875
2024-08-01,0.5648404525785404,-0.5,5446.68017578125
2024-08-05,0.5610605981480796,0.9444444444444444,5186.330078125
2024-08-06,0.47228809233783364,0.16666666666666674,5240.02978515625
2024-08-07,0.47228809233783364,-0.4,5199.5
2024-08-08,0.44399637068232556,-0.2500000000000001,5319.31005859375
2024-08-09,0.4407021074888726,-0.8,5344.16015625
2024-08-12,0.3822957830008089,-0.5,5344.39013671875
2024-08-13,0.3892304375638864,-0.625,5434.43017578125
2024-08-14,0.3882740852771196,-0.5,5455.2099609375
2024-08-15,0.4357794067700884,-0.5,5543.22021484375
2024-08-16,0.4390736699635418,-0.5,5554.25
2024-08-19,0.4421496550969648,-0.5,5608.25
2024-08-20,0.44502342682966,-0.5,5597.1201171875
2024-08-21,0.4477092897999113,-0.5,5620.85009765625
2024-08-22,0.4450234268296598,0.0,5570.64013671875
2024-08-23,0.4421496550969648,-0.6666666666666666,5634.60986328125
2024-08-26,0.39315928480514484,-0.75,5616.83984375
2024-08-27,0.3941156370919112,-0.7142857142857142,5625.7998046875
2024-08-28,0.4162845845010448,-0.6666666666666667,5592.18017578125
2024-08-29,0.41393761736585044,-0.4285714285714285,5591.9599609375
2024-08-30,0.41139938497301953,-0.4285714285714285,5648.39990234375
2024-09-03,0.408653836812102,-0.6,5528.93017578125
2024-09-04,0.4056827318792573,-0.6666666666666667,5520.06982421875
2024-09-05,0.43075693693803263,-0.75,5503.41015625
2024-09-06,0.42080853446668254,-0.75,5408.419921875
2024-09-09,0.38909067733648417,-0.8,5471.0498046875
2024-09-10,0.4093300703162148,-0.75,5495.52001953125
2024-09-11,0.4118373965852853,-0.75,5554.1298828125
2024-09-12,0.4373151398179447,-0.5,5595.759765625
2024-09-13,0.4342190627830065,-0.8,5626.02001953125
2024-09-16,0.4486743854486268,-0.6666666666666666,5633.08984375
2024-09-17,0.4384475331960114,-0.6666666666666666,5634.580078125
2024-09-18,0.47324843489345403,-0.75,5618.259765625
2024-09-19,0.4913130559130403,-0.6666666666666666,5713.64013671875
2024-09-20,0.4816141868433581,-0.6666666666666666,5702.5498046875
2024-09-23,0.5147904499176814,-0.5,5718.56982421875
2024-09-24,0.5513153353649192,-0.5,5732.93017578125
2024-09-25,0.5513153353649192,-0.5,5722.259765625
2024-09-26,0.5513153353649192,-0.5,5745.3701171875
2024-09-27,0.4894562570322103,-0.6666666666666666,5738.169921875
2024-09-30,0.535950577664833,-0.75,5762.47998046875
2024-10-01,0.5489283292288794,-0.6666666666666666,5708.75
2024-10-02,0.5873827189988559,-0.5,5709.5400390625
2024-10-03,0.5937810659636895,-0.6666666666666666,5699.93994140625
2024-10-04,0.5989376279884997,-0.5,5751.06982421875
2024-10-07,0.5764817160037614,-0.5,5695.93994140625
2024-10-08,0.5839322359985846,-0.5,5751.1298828125
2024-10-09,0.6009560132400549,-0.6666666666666666,5792.0400390625
2024-10-10,0.6366852725483065,-0.6666666666666666,5780.0498046875
2024-10-11,0.5904779164912881,-0.5,5815.02978515625
2024-10-14,0.6120043497630192,-0.5,5859.85009765625
2024-10-15,0.6194548697578433,-0.5,5815.259765625
2024-10-16,0.6259970527983758,-0.5,5842.47021484375
2024-10-17,0.6317910449257753,-0.5,5841.47021484375
2024-10-18,0.6369571855809197,-0.5,5864.669921875
2024-10-21,0.6132966016165415,-0.5,5853.97998046875
2024-10-22,0.6004421778793523,-0.5,5851.2001953125
2024-10-23,0.6000083468230031,-0.5,5797.419921875
2024-10-24,0.6000083468230031,-0.5,5809.85986328125
2024-10-25,0.6000083468230026,-0.5,5808.1201171875
